ref,citation_19,reference_id
8 1 8.,2.2516112022396766,reference_228
1 2 3.,2.2829910676448804,reference_226
See Section 5.,2.3085629017174334,reference_160
